-- USERS
insert into user (username, password, enabled, create_date, role) values ('user1', '$2a$06$4MKRUgff3iP5mUS.KSk4Fu5nJiaVhAPhCWMziYyHUrQkHpivlr.Xe', TRUE, '2016-01-01 00:00:00', 'MANAGER')
insert into user (username, password, enabled, create_date, role) values ('user2', '$2a$06$4MKRUgff3iP5mUS.KSk4Fu5nJiaVhAPhCWMziYyHUrQkHpivlr.Xe', TRUE, '2016-01-01 00:00:00', 'MANAGER')
insert into user (username, password, enabled, create_date, role) values ('user3', '$2a$06$4MKRUgff3iP5mUS.KSk4Fu5nJiaVhAPhCWMziYyHUrQkHpivlr.Xe', TRUE, '2016-01-01 00:00:00', 'PLAYER')
insert into user (username, password, enabled, create_date, role) values ('user4', '$2a$06$4MKRUgff3iP5mUS.KSk4Fu5nJiaVhAPhCWMziYyHUrQkHpivlr.Xe', TRUE, '2016-01-01 00:00:00', 'PLAYER')
insert into user (username, password, enabled, create_date, role) values ('user5', '$2a$06$4MKRUgff3iP5mUS.KSk4Fu5nJiaVhAPhCWMziYyHUrQkHpivlr.Xe', TRUE, '2016-01-01 00:00:00', 'PLAYER')
insert into user (username, password, enabled, create_date, role) values ('user6', '$2a$06$4MKRUgff3iP5mUS.KSk4Fu5nJiaVhAPhCWMziYyHUrQkHpivlr.Xe', TRUE, '2016-01-01 00:00:00', 'PLAYER')
insert into user (username, password, enabled, create_date, role) values ('user7', '$2a$06$4MKRUgff3iP5mUS.KSk4Fu5nJiaVhAPhCWMziYyHUrQkHpivlr.Xe', TRUE, '2016-01-01 00:00:00', 'PLAYER')
insert into user (username, password, enabled, create_date, role) values ('veryLongUserName', '$2a$06$4MKRUgff3iP5mUS.KSk4Fu5nJiaVhAPhCWMziYyHUrQkHpivlr.Xe', TRUE, '2016-01-01 00:00:00', 'PLAYER')
insert into user (username, password, enabled, create_date, role) values ('Sidhu Moose Wala', '$2a$06$4MKRUgff3iP5mUS.KSk4Fu5nJiaVhAPhCWMziYyHUrQkHpivlr.Xe', TRUE, '2016-01-01 00:00:00', 'PLAYER')
insert into user (username, password, enabled, create_date, role) values ('Elon Musk', '$2a$06$4MKRUgff3iP5mUS.KSk4Fu5nJiaVhAPhCWMziYyHUrQkHpivlr.Xe', TRUE, '2016-01-01 00:00:00', 'PLAYER')
insert into user (username, password, enabled, create_date, role) values ('Jeff Bezos', '$2a$06$4MKRUgff3iP5mUS.KSk4Fu5nJiaVhAPhCWMziYyHUrQkHpivlr.Xe', TRUE, '2016-01-01 00:00:00', 'PLAYER')
insert into user (username, password, enabled, create_date, role) values ('Benedict Cucumberbatch', '$2a$06$4MKRUgff3iP5mUS.KSk4Fu5nJiaVhAPhCWMziYyHUrQkHpivlr.Xe', TRUE, '2016-01-01 00:00:00', 'PLAYER')
insert into user (username, password, enabled, create_date, role) values ('Kim Jong Un', '$2a$06$4MKRUgff3iP5mUS.KSk4Fu5nJiaVhAPhCWMziYyHUrQkHpivlr.Xe', TRUE, '2016-01-01 00:00:00', 'PLAYER')
insert into user (username, password, enabled, create_date, role) values ('Sauron', '$2a$06$4MKRUgff3iP5mUS.KSk4Fu5nJiaVhAPhCWMziYyHUrQkHpivlr.Xe', TRUE, '2016-01-01 00:00:00', 'PLAYER')
insert into user (username, password, enabled, create_date, role) values ('Bilbo Baggins', '$2a$06$4MKRUgff3iP5mUS.KSk4Fu5nJiaVhAPhCWMziYyHUrQkHpivlr.Xe', TRUE, '2016-01-01 00:00:00', 'PLAYER')
insert into user (username, password, enabled, create_date, role) values ('Harry Potter', '$2a$06$4MKRUgff3iP5mUS.KSk4Fu5nJiaVhAPhCWMziYyHUrQkHpivlr.Xe', TRUE, '2016-01-01 00:00:00', 'PLAYER')
insert into user (username, password, enabled, create_date, role) values ('Donald J. Trump', '$2a$06$4MKRUgff3iP5mUS.KSk4Fu5nJiaVhAPhCWMziYyHUrQkHpivlr.Xe', TRUE, '2016-01-01 00:00:00', 'PLAYER')
insert into user (username, password, enabled, create_date, role) values ('Barack Obama', '$2a$06$4MKRUgff3iP5mUS.KSk4Fu5nJiaVhAPhCWMziYyHUrQkHpivlr.Xe', TRUE, '2016-01-01 00:00:00', 'PLAYER')
insert into user (username, password, enabled, create_date, role) values ('Voldemort', '$2a$06$4MKRUgff3iP5mUS.KSk4Fu5nJiaVhAPhCWMziYyHUrQkHpivlr.Xe', TRUE, '2016-01-01 00:00:00', 'PLAYER')
insert into user (username, password, enabled, create_date, role) values ('Freddy Mercury', '$2a$06$4MKRUgff3iP5mUS.KSk4Fu5nJiaVhAPhCWMziYyHUrQkHpivlr.Xe', TRUE, '2016-01-01 00:00:00', 'PLAYER')
insert into user (username, password, enabled, create_date, role) values ('Heiner Bernadinho', '$2a$06$4MKRUgff3iP5mUS.KSk4Fu5nJiaVhAPhCWMziYyHUrQkHpivlr.Xe', TRUE, '2016-01-01 00:00:00', 'PLAYER')

-- MANAGERS
insert into manager (id, user_username, email, institution) values (101, 'user1', 'user1@email.asdf', 'institution_01')
insert into manager (id, user_username, email, institution) values (102, 'user2', 'user2@email.asdf', 'institution_02')

-- PLAYERS
insert into player (id, user_username, creator_id, avatar_path, stat_total_score, stat_high_score, stat_correct_answers, stat_total_answers, stat_play_time) values (201, 'user3', 101, NULL, 9096, 720, 18, 24, 743563)
insert into player (id, user_username, creator_id, avatar_path, stat_total_score, stat_high_score, stat_correct_answers, stat_total_answers, stat_play_time) values (202, 'user4', 101, NULL, 301, 720, 18, 24, 743563)
insert into player (id, user_username, creator_id, avatar_path, stat_total_score, stat_high_score, stat_correct_answers, stat_total_answers, stat_play_time) values (203, 'user5', 101, NULL, 2342, 720, 18, 24, 743563)
insert into player (id, user_username, creator_id, avatar_path, stat_total_score, stat_high_score, stat_correct_answers, stat_total_answers, stat_play_time) values (204, 'user6', 102, NULL, 94334, 720, 18, 24, 743563)
insert into player (id, user_username, creator_id, avatar_path, stat_total_score, stat_high_score, stat_correct_answers, stat_total_answers, stat_play_time) values (205, 'user7', 102, NULL, 934, 720, 18, 24, 743563)
insert into player (id, user_username, creator_id, avatar_path, stat_total_score, stat_high_score, stat_correct_answers, stat_total_answers, stat_play_time) values (206, 'veryLongUserName', 102, NULL, 9096, 720, 18, 24, 743563)
insert into player (id, user_username, creator_id, avatar_path, stat_total_score, stat_high_score, stat_correct_answers, stat_total_answers, stat_play_time) values (207, 'Sidhu Moose Wala', 101, NULL, 9096, 720, 18, 24, 743563)
insert into player (id, user_username, creator_id, avatar_path, stat_total_score, stat_high_score, stat_correct_answers, stat_total_answers, stat_play_time) values (208, 'Elon Musk', 101, NULL, 996, 720, 18, 24, 743563)
insert into player (id, user_username, creator_id, avatar_path, stat_total_score, stat_high_score, stat_correct_answers, stat_total_answers, stat_play_time) values (209, 'Jeff Bezos', 101, NULL, 96, 720, 18, 24, 743563)
insert into player (id, user_username, creator_id, avatar_path, stat_total_score, stat_high_score, stat_correct_answers, stat_total_answers, stat_play_time) values (210, 'Benedict Cucumberbatch', 102, NULL, 9096, 720, 18, 24, 743563)
insert into player (id, user_username, creator_id, avatar_path, stat_total_score, stat_high_score, stat_correct_answers, stat_total_answers, stat_play_time) values (211, 'Kim Jong Un', 102, NULL, 906, 720, 18, 24, 743563)
insert into player (id, user_username, creator_id, avatar_path, stat_total_score, stat_high_score, stat_correct_answers, stat_total_answers, stat_play_time) values (212, 'Sauron', 102, NULL, 9346, 720, 18, 24, 743563)
insert into player (id, user_username, creator_id, avatar_path, stat_total_score, stat_high_score, stat_correct_answers, stat_total_answers, stat_play_time) values (213, 'Bilbo Baggins', 101, NULL, 906, 720, 18, 24, 743563)
insert into player (id, user_username, creator_id, avatar_path, stat_total_score, stat_high_score, stat_correct_answers, stat_total_answers, stat_play_time) values (214, 'Harry Potter', 101, NULL, 96, 720, 18, 24, 743563)
insert into player (id, user_username, creator_id, avatar_path, stat_total_score, stat_high_score, stat_correct_answers, stat_total_answers, stat_play_time) values (215, 'Donald J. Trump', 101, NULL, 906, 720, 18, 24, 743563)
insert into player (id, user_username, creator_id, avatar_path, stat_total_score, stat_high_score, stat_correct_answers, stat_total_answers, stat_play_time) values (216, 'Barack Obama', 102, NULL, 96, 720, 18, 24, 743563)
insert into player (id, user_username, creator_id, avatar_path, stat_total_score, stat_high_score, stat_correct_answers, stat_total_answers, stat_play_time) values (217, 'Voldemort', 102, NULL, 906, 720, 18, 24, 743563)
insert into player (id, user_username, creator_id, avatar_path, stat_total_score, stat_high_score, stat_correct_answers, stat_total_answers, stat_play_time) values (218, 'Freddy Mercury', 102, NULL, 96, 720, 18, 24, 743563)
insert into player (id, user_username, creator_id, avatar_path, stat_total_score, stat_high_score, stat_correct_answers, stat_total_answers, stat_play_time) values (219, 'Heiner Bernadinho', 102, NULL, 90, 720, 18, 24, 743563)

-- PLAYER STATS
insert into player_last_scores (player_id, last_scores, last_scores_key) values (201, 2345, 0)
insert into player_last_scores (player_id, last_scores, last_scores_key) values (201, 3453, 1)
insert into player_last_scores (player_id, last_scores, last_scores_key) values (201, 1435, 2)
insert into player_last_scores (player_id, last_scores, last_scores_key) values (202, 2345, 3)
insert into player_last_scores (player_id, last_scores, last_scores_key) values (202, 3453, 4)
insert into player_last_scores (player_id, last_scores, last_scores_key) values (202, 1435, 5)
insert into player_last_scores (player_id, last_scores, last_scores_key) values (203, 2345, 6)
insert into player_last_scores (player_id, last_scores, last_scores_key) values (203, 3453, 7)
insert into player_last_scores (player_id, last_scores, last_scores_key) values (203, 1435, 8)
insert into player_last_scores (player_id, last_scores, last_scores_key) values (204, 2345, 9)
insert into player_last_scores (player_id, last_scores, last_scores_key) values (205, 3453, 10)
insert into player_last_scores (player_id, last_scores, last_scores_key) values (206, 1435, 11)
insert into player_last_scores (player_id, last_scores, last_scores_key) values (207, 2345, 12)
insert into player_last_scores (player_id, last_scores, last_scores_key) values (208, 3453, 13)
insert into player_last_scores (player_id, last_scores, last_scores_key) values (209, 1435, 14)
insert into player_last_scores (player_id, last_scores, last_scores_key) values (210, 2345, 15)
insert into player_last_scores (player_id, last_scores, last_scores_key) values (211, 3453, 16)
insert into player_last_scores (player_id, last_scores, last_scores_key) values (212, 1435, 17)
insert into player_last_scores (player_id, last_scores, last_scores_key) values (213, 2345, 18)
insert into player_last_scores (player_id, last_scores, last_scores_key) values (213, 3453, 19)
insert into player_last_scores (player_id, last_scores, last_scores_key) values (213, 1435, 20)
insert into player_last_scores (player_id, last_scores, last_scores_key) values (214, 2345, 21)
insert into player_last_scores (player_id, last_scores, last_scores_key) values (215, 3453, 22)
insert into player_last_scores (player_id, last_scores, last_scores_key) values (216, 1435, 23)
insert into player_last_scores (player_id, last_scores, last_scores_key) values (216, 1435, 24)
insert into player_last_scores (player_id, last_scores, last_scores_key) values (217, 2345, 25)
insert into player_last_scores (player_id, last_scores, last_scores_key) values (218, 3453, 26)
insert into player_last_scores (player_id, last_scores, last_scores_key) values (219, 1435, 27)

insert into player_q_set_play_counts (player_id, q_set_play_counts, q_set_play_counts_key) values (201, 1, 302)
insert into player_q_set_play_counts (player_id, q_set_play_counts, q_set_play_counts_key) values (202, 2, 301)
insert into player_q_set_play_counts (player_id, q_set_play_counts, q_set_play_counts_key) values (202, 1, 302)
insert into player_q_set_play_counts (player_id, q_set_play_counts, q_set_play_counts_key) values (203, 2, 301)
insert into player_q_set_play_counts (player_id, q_set_play_counts, q_set_play_counts_key) values (203, 1, 302)
insert into player_q_set_play_counts (player_id, q_set_play_counts, q_set_play_counts_key) values (204, 2, 301)
insert into player_q_set_play_counts (player_id, q_set_play_counts, q_set_play_counts_key) values (204, 1, 302)
insert into player_q_set_play_counts (player_id, q_set_play_counts, q_set_play_counts_key) values (205, 2, 301)
insert into player_q_set_play_counts (player_id, q_set_play_counts, q_set_play_counts_key) values (205, 1, 302)
insert into player_q_set_play_counts (player_id, q_set_play_counts, q_set_play_counts_key) values (206, 2, 301)
insert into player_q_set_play_counts (player_id, q_set_play_counts, q_set_play_counts_key) values (207, 1, 302)
insert into player_q_set_play_counts (player_id, q_set_play_counts, q_set_play_counts_key) values (208, 2, 301)
insert into player_q_set_play_counts (player_id, q_set_play_counts, q_set_play_counts_key) values (209, 1, 302)
insert into player_q_set_play_counts (player_id, q_set_play_counts, q_set_play_counts_key) values (210, 2, 301)
insert into player_q_set_play_counts (player_id, q_set_play_counts, q_set_play_counts_key) values (211, 1, 302)
insert into player_q_set_play_counts (player_id, q_set_play_counts, q_set_play_counts_key) values (212, 2, 301)
insert into player_q_set_play_counts (player_id, q_set_play_counts, q_set_play_counts_key) values (213, 1, 302)
insert into player_q_set_play_counts (player_id, q_set_play_counts, q_set_play_counts_key) values (214, 2, 301)
insert into player_q_set_play_counts (player_id, q_set_play_counts, q_set_play_counts_key) values (215, 1, 302)
insert into player_q_set_play_counts (player_id, q_set_play_counts, q_set_play_counts_key) values (216, 2, 301)
insert into player_q_set_play_counts (player_id, q_set_play_counts, q_set_play_counts_key) values (217, 1, 302)
insert into player_q_set_play_counts (player_id, q_set_play_counts, q_set_play_counts_key) values (218, 2, 301)
insert into player_q_set_play_counts (player_id, q_set_play_counts, q_set_play_counts_key) values (219, 1, 302)

insert into player_played_with_last (player_id, played_with_last) values (201, 'user4')
insert into player_played_with_last (player_id, played_with_last) values (201, 'user5')
insert into player_played_with_last (player_id, played_with_last) values (201, 'user6')
insert into player_played_with_last (player_id, played_with_last) values (202, 'user3')
insert into player_played_with_last (player_id, played_with_last) values (202, 'user7')

-- QUESTION SETS
insert into question_set (id, description, difficulty, name, author_id) values (300, 'description', 'easy', 'TestSet1', 101)
insert into question_set (id, description, difficulty, name, author_id) values (301, 'description', 'easy', 'TestSet2P', 102)
insert into question_set (id, description, difficulty, name, author_id) values (302, 'description', 'easy', 'TestSet2', 102)

-- TEST QUESTIONS
insert into question (id, type, question_set_id, question_string, right_answer_string, wrong_answer_string_1, wrong_answer_string_2, wrong_answer_string_3, wrong_answer_string_4, wrong_answer_string_5) values (401, 'text', 300, 'TestQuestion1', 'RightAnswer1', 'WrongAnswer1_1', 'WrongAnswer1_2', 'WrongAnswer1_3', 'WrongAnswer1_4', 'WrongAnswer1_5')
insert into question (id, type, question_set_id, question_string, right_answer_string, wrong_answer_string_1, wrong_answer_string_2, wrong_answer_string_3, wrong_answer_string_4, wrong_answer_string_5) values (402, 'text', 300, 'TestQuestion2', 'RightAnswer2', 'WrongAnswer2_1', 'WrongAnswer2_2', 'WrongAnswer2_3', 'WrongAnswer2_4', 'WrongAnswer2_5')
insert into question (id, type, question_set_id, question_string, right_answer_string, wrong_answer_string_1, wrong_answer_string_2, wrong_answer_string_3, wrong_answer_string_4, wrong_answer_string_5) values (403, 'text', 300, 'TestQuestion3', 'RightAnswer3', 'WrongAnswer3_1', 'WrongAnswer3_2', 'WrongAnswer3_3', 'WrongAnswer3_4', 'WrongAnswer3_5')
insert into question (id, type, question_set_id, question_string, right_answer_string, wrong_answer_string_1, wrong_answer_string_2, wrong_answer_string_3, wrong_answer_string_4, wrong_answer_string_5) values (404, 'text', 300, 'TestQuestion4', 'RightAnswer4', 'WrongAnswer4_1', 'WrongAnswer4_2', 'WrongAnswer4_3', 'WrongAnswer4_4', 'WrongAnswer4_5')
insert into question (id, type, question_set_id, question_string, right_answer_string, wrong_answer_string_1, wrong_answer_string_2, wrong_answer_string_3, wrong_answer_string_4, wrong_answer_string_5) values (405, 'text', 300, 'TestQuestion5', 'RightAnswer5', 'WrongAnswer5_1', 'WrongAnswer5_2', 'WrongAnswer5_3', 'WrongAnswer5_4', 'WrongAnswer5_5')
insert into question (id, type, question_set_id, question_string, right_answer_string, wrong_answer_string_1, wrong_answer_string_2, wrong_answer_string_3, wrong_answer_string_4, wrong_answer_string_5) values (406, 'text', 300, 'TestQuestion6', 'RightAnswer6', 'WrongAnswer6_1', 'WrongAnswer6_2', 'WrongAnswer6_3', 'WrongAnswer6_4', 'WrongAnswer6_5')
insert into question (id, type, question_set_id, question_string, right_answer_string, wrong_answer_string_1, wrong_answer_string_2, wrong_answer_string_3, wrong_answer_string_4, wrong_answer_string_5) values (407, 'text', 300, 'TestQuestion7', 'RightAnswer7', 'WrongAnswer7_1', 'WrongAnswer7_2', 'WrongAnswer7_3', 'WrongAnswer7_4', 'WrongAnswer7_5')
insert into question (id, type, question_set_id, question_string, right_answer_string, wrong_answer_string_1, wrong_answer_string_2, wrong_answer_string_3, wrong_answer_string_4, wrong_answer_string_5) values (408, 'text', 300, 'TestQuestion8', 'RightAnswer8', 'WrongAnswer8_1', 'WrongAnswer8_2', 'WrongAnswer8_3', 'WrongAnswer8_4', 'WrongAnswer8_5')
insert into question (id, type, question_set_id, question_string, right_answer_string, wrong_answer_string_1, wrong_answer_string_2, wrong_answer_string_3, wrong_answer_string_4, wrong_answer_string_5) values (409, 'text', 300, 'TestQuestion9', 'RightAnswer9', 'WrongAnswer9_1', 'WrongAnswer9_2', 'WrongAnswer9_3', 'WrongAnswer9_4', 'WrongAnswer9_5')
insert into question (id, type, question_set_id, question_string, right_answer_string, wrong_answer_string_1, wrong_answer_string_2, wrong_answer_string_3, wrong_answer_string_4, wrong_answer_string_5) values (410, 'text', 300, 'TestQuestion10', 'RightAnswer10', 'WrongAnswer10_1', 'WrongAnswer10_2', 'WrongAnswer10_3', 'WrongAnswer10_4', 'WrongAnswer10_5')
insert into question (id, type, question_set_id, question_string, right_answer_string, wrong_answer_string_1, wrong_answer_string_2, wrong_answer_string_3, wrong_answer_string_4, wrong_answer_string_5) values (411, 'text', 300, 'TestQuestion11', 'RightAnswer11', 'WrongAnswer11_1', 'WrongAnswer11_2', 'WrongAnswer11_3', 'WrongAnswer11_4', 'WrongAnswer11_5')
insert into question (id, type, question_set_id, question_string, right_answer_string, wrong_answer_string_1, wrong_answer_string_2, wrong_answer_string_3, wrong_answer_string_4, wrong_answer_string_5) values (412, 'text', 300, 'TestQuestion12', 'RightAnswer12', 'WrongAnswer12_1', 'WrongAnswer12_2', 'WrongAnswer12_3', 'WrongAnswer12_4', 'WrongAnswer12_5')
insert into question (id, type, question_set_id, question_string, right_answer_string, wrong_answer_string_1, wrong_answer_string_2, wrong_answer_string_3, wrong_answer_string_4, wrong_answer_string_5) values (413, 'text', 300, 'TestQuestion13', 'RightAnswer13', 'WrongAnswer13_1', 'WrongAnswer13_2', 'WrongAnswer13_3', 'WrongAnswer13_4', 'WrongAnswer13_5')
insert into question (id, type, question_set_id, question_string, right_answer_string, wrong_answer_string_1, wrong_answer_string_2, wrong_answer_string_3, wrong_answer_string_4, wrong_answer_string_5) values (414, 'text', 300, 'TestQuestion14', 'RightAnswer14', 'WrongAnswer14_1', 'WrongAnswer14_2', 'WrongAnswer14_3', 'WrongAnswer14_4', 'WrongAnswer14_5')
insert into question (id, type, question_set_id, question_string, right_answer_string, wrong_answer_string_1, wrong_answer_string_2, wrong_answer_string_3, wrong_answer_string_4, wrong_answer_string_5) values (415, 'text', 300, 'TestQuestion15', 'RightAnswer15', 'WrongAnswer15_1', 'WrongAnswer15_2', 'WrongAnswer15_3', 'WrongAnswer15_4', 'WrongAnswer15_5')

insert into question (id, type, question_set_id, question_string, right_answer_string, wrong_answer_string_1, wrong_answer_string_2, wrong_answer_string_3, wrong_answer_string_4, wrong_answer_string_5) values (416, 'picture', 301, 'TestQuestion16', '102/301/6576820377726142205_500x500.png', '102/301/5387617286187836996_500x500.png', '102/301/6787296606397952614_500x500.png', '102/301/651721303351001739_500x500.png', '102/301/1645061199398733900_500x500.png', '102/301/6781385425406386654_500x500.png')
insert into question (id, type, question_set_id, question_string, right_answer_string, wrong_answer_string_1, wrong_answer_string_2, wrong_answer_string_3, wrong_answer_string_4, wrong_answer_string_5) values (417, 'picture', 301, 'TestQuestion17', '102/301/176343591939126713_500x500.png', '102/301/6327686902430971014_500x500.png', '102/301/8064263471517236164_500x500.png', '102/301/2726227286280597650_500x500.png', '102/301/1813862189407337099_500x500.png', '102/301/7073095932143497840_500x500.png')
insert into question (id, type, question_set_id, question_string, right_answer_string, wrong_answer_string_1, wrong_answer_string_2, wrong_answer_string_3, wrong_answer_string_4, wrong_answer_string_5) values (418, 'picture', 301, 'TestQuestion18', '102/301/5249538858765455320_500x500.png', '102/301/8711875880396731110_500x500.png', '102/301/7302353453841679655_500x500.png', '102/301/1391953474562433178_500x500.png', '102/301/5263202164667194757_500x500.png', '102/301/2461598397455309511_500x500.png')

insert into question (id, type, question_set_id, question_string, right_answer_string, wrong_answer_string_1, wrong_answer_string_2, wrong_answer_string_3, wrong_answer_string_4, wrong_answer_string_5) values (419, 'text', 302, 'TestQuestion19', 'RightAnswer19', 'WrongAnswer19_1', 'WrongAnswer19_2', 'WrongAnswer19_3', 'WrongAnswer19_4', 'WrongAnswer19_5')
insert into question (id, type, question_set_id, question_string, right_answer_string, wrong_answer_string_1, wrong_answer_string_2, wrong_answer_string_3, wrong_answer_string_4, wrong_answer_string_5) values (420, 'text', 302, 'TestQuestion20', 'RightAnswer20', 'WrongAnswer20_1', 'WrongAnswer20_2', 'WrongAnswer20_3', 'WrongAnswer20_4', 'WrongAnswer20_5')
insert into question (id, type, question_set_id, question_string, right_answer_string, wrong_answer_string_1, wrong_answer_string_2, wrong_answer_string_3, wrong_answer_string_4, wrong_answer_string_5) values (421, 'text', 302, 'TestQuestion21', 'RightAnswer21', 'WrongAnswer21_1', 'WrongAnswer21_2', 'WrongAnswer21_3', 'WrongAnswer21_4', 'WrongAnswer21_5')
