insert into user (username, password, enabled, create_date, role) values ('user1', '$2a$06$4MKRUgff3iP5mUS.KSk4Fu5nJiaVhAPhCWMziYyHUrQkHpivlr.Xe', TRUE, '2016-01-01 00:00:00', 'MANAGER')
insert into user (username, password, enabled, create_date, role) values ('user2', '$2a$06$4MKRUgff3iP5mUS.KSk4Fu5nJiaVhAPhCWMziYyHUrQkHpivlr.Xe', TRUE, '2016-01-01 00:00:00', 'MANAGER')
insert into user (username, password, enabled, create_date, role) values ('user3', '$2a$06$4MKRUgff3iP5mUS.KSk4Fu5nJiaVhAPhCWMziYyHUrQkHpivlr.Xe', TRUE, '2016-01-01 00:00:00', 'PLAYER')
insert into user (username, password, enabled, create_date, role) values ('user4', '$2a$06$4MKRUgff3iP5mUS.KSk4Fu5nJiaVhAPhCWMziYyHUrQkHpivlr.Xe', TRUE, '2016-01-01 00:00:00', 'PLAYER')
insert into user (username, password, enabled, create_date, role) values ('user5', '$2a$06$4MKRUgff3iP5mUS.KSk4Fu5nJiaVhAPhCWMziYyHUrQkHpivlr.Xe', TRUE, '2016-01-01 00:00:00', 'PLAYER')
insert into user (username, password, enabled, create_date, role) values ('user6', '$2a$06$4MKRUgff3iP5mUS.KSk4Fu5nJiaVhAPhCWMziYyHUrQkHpivlr.Xe', TRUE, '2016-01-01 00:00:00', 'PLAYER')
insert into user (username, password, enabled, create_date, role) values ('user7', '$2a$06$4MKRUgff3iP5mUS.KSk4Fu5nJiaVhAPhCWMziYyHUrQkHpivlr.Xe', TRUE, '2016-01-01 00:00:00', 'PLAYER')
insert into user (username, password, enabled, create_date, role) values ('veryLongUserName', '$2a$06$4MKRUgff3iP5mUS.KSk4Fu5nJiaVhAPhCWMziYyHUrQkHpivlr.Xe', TRUE, '2016-01-01 00:00:00', 'PLAYER')

insert into manager (id, user_username, email, institution) values (101, 'user1', 'user1@email.asdf', 'institution_01')
insert into manager (id, user_username, email, institution) values (102, 'user2', 'user2@email.asdf', 'institution_02')
insert into manager (id, user_username, email, institution) values (103, 'user3', 'user3@email.asdf', 'institution_03')

insert into player (id, user_username, creator_id, avatar_path) values (201, 'user3', 101, NULL)
insert into player (id, user_username, creator_id, avatar_path) values (202, 'user4', 101, NULL)
insert into player (id, user_username, creator_id, avatar_path) values (203, 'user5', 101, NULL)
insert into player (id, user_username, creator_id, avatar_path) values (204, 'user6', 102, NULL)
insert into player (id, user_username, creator_id, avatar_path) values (205, 'user7', 102, NULL)
insert into player (id, user_username, creator_id, avatar_path) values (206, 'veryLongUserName', 102, NULL)

insert into player_played_with_last (player_id, played_with_last) values (201, 'user4')
insert into player_played_with_last (player_id, played_with_last) values (201, 'user5')
insert into player_played_with_last (player_id, played_with_last) values (201, 'user6')
insert into player_played_with_last (player_id, played_with_last) values (202, 'user3')
insert into player_played_with_last (player_id, played_with_last) values (202, 'user7')

insert into question_set (id, description, difficulty, name, author_id) values (300, 'description', 'easy', 'TestSet1', 101)
insert into question_set (id, description, difficulty, name, author_id) values (301, 'description', 'easy', 'TestSet2', 102)
insert into question_set (id, description, difficulty, name, author_id) values (302, 'description', 'easy', 'TestSet2', 103)

insert into question (id, question_string, right_answer_string, type, wrong_answer_string_1, wrong_answer_string_2, wrong_answer_string_3, wrong_answer_string_4, wrong_answer_string_5, question_set_id) values (400, 'TestQuestion1', 'RightAnswer1', 'text', 'WrongAnswerString1_1', 'WrongAnswerString2_1', 'WrongAnswerString3_1', 'WrongAnswerString4_1', 'WrongAnswerString5_1', 300)
insert into question (id, question_string, right_answer_string, type, wrong_answer_string_1, wrong_answer_string_2, wrong_answer_string_3, wrong_answer_string_4, wrong_answer_string_5, question_set_id) values (401, 'TestQuestion2', 'RightAnswer2', 'text', 'WrongAnswerString1_2', 'WrongAnswerString2_2', 'WrongAnswerString3_2', 'WrongAnswerString4_2', 'WrongAnswerString5_2', 300)
insert into question (id, question_string, right_answer_string, type, wrong_answer_string_1, wrong_answer_string_2, wrong_answer_string_3, question_set_id) values (402, 'TestQuestion3', 'RightAnswer3', 'text', 'WrongAnswerString1_3', 'WrongAnswerString2_3', 'WrongAnswerString3_3', 300)
insert into question (id, question_string, right_answer_string, type, wrong_answer_string_1, wrong_answer_string_2, wrong_answer_string_3, wrong_answer_string_4, wrong_answer_string_5, question_set_id) values (409, 'TestQuestion10', 'RightAnswer10', 'text', 'WrongAnswerString1_10', 'WrongAnswerString2_10', 'WrongAnswerString3_10', 'WrongAnswerString4_10', 'WrongAnswerString5_10', 300)
insert into question (id, question_string, right_answer_string, type, wrong_answer_string_1, wrong_answer_string_2, wrong_answer_string_3, wrong_answer_string_4, wrong_answer_string_5, question_set_id) values (410, 'TestQuestion11', 'RightAnswer11', 'text', 'WrongAnswerString1_11', 'WrongAnswerString2_11', 'WrongAnswerString3_11', 'WrongAnswerString4_11', 'WrongAnswerString5_11', 300)
insert into question (id, question_string, right_answer_string, type, wrong_answer_string_1, wrong_answer_string_2, wrong_answer_string_3, question_set_id) values (411, 'TestQuestion12', 'RightAnswer12', 'text', 'WrongAnswerString1_12', 'WrongAnswerString2_12', 'WrongAnswerString3_12', 300)

insert into question (id, question_string, right_answer_string, type, wrong_answer_string_1, wrong_answer_string_2, wrong_answer_string_3, question_set_id) values (403, 'TestQuestion4', 'RightAnswer4', 'text', 'WrongAnswerString1_4', 'WrongAnswerString2_4', 'WrongAnswerString3_4', 301)
insert into question (id, question_string, right_answer_string, type, wrong_answer_string_1, wrong_answer_string_2, wrong_answer_string_3, question_set_id) values (404, 'TestQuestion5', 'RightAnswer5', 'text', 'WrongAnswerString1_5', 'WrongAnswerString2_5', 'WrongAnswerString3_5', 301)
insert into question (id, question_string, right_answer_string, type, wrong_answer_string_1, wrong_answer_string_2, wrong_answer_string_3, question_set_id) values (405, 'TestQuestion6', 'RightAnswer6', 'text', 'WrongAnswerString1_6', 'WrongAnswerString2_6', 'WrongAnswerString3_6', 301)
insert into question (id, question_string, right_answer_string, type, wrong_answer_string_1, wrong_answer_string_2, wrong_answer_string_3, question_set_id) values (406, 'TestQuestion7', 'RightAnswer7', 'text', 'WrongAnswerString1_7', 'WrongAnswerString2_7', 'WrongAnswerString3_7', 302)
insert into question (id, question_string, right_answer_string, type, wrong_answer_string_1, wrong_answer_string_2, wrong_answer_string_3, question_set_id) values (407, 'TestQuestion8', 'RightAnswer8', 'text', 'WrongAnswerString1_8', 'WrongAnswerString2_8', 'WrongAnswerString3_8', 302)
insert into question (id, question_string, right_answer_string, type, wrong_answer_string_1, wrong_answer_string_2, wrong_answer_string_3, question_set_id) values (408, 'TestQuestion9', 'RightAnswer9', 'text', 'WrongAnswerString1_9', 'WrongAnswerString2_9', 'WrongAnswerString3_9', 302)