insert into user (username, password, enabled, create_date, role) values ('user1', '$2a$06$4MKRUgff3iP5mUS.KSk4Fu5nJiaVhAPhCWMziYyHUrQkHpivlr.Xe', TRUE, '2016-01-01 00:00:00', 'MANAGER')
insert into user (username, password, enabled, create_date, role) values ('user2', '$2a$06$4MKRUgff3iP5mUS.KSk4Fu5nJiaVhAPhCWMziYyHUrQkHpivlr.Xe', TRUE, '2016-01-01 00:00:00', 'MANAGER')
insert into user (username, password, enabled, create_date, role) values ('user3', '$2a$06$4MKRUgff3iP5mUS.KSk4Fu5nJiaVhAPhCWMziYyHUrQkHpivlr.Xe', TRUE, '2016-01-01 00:00:00', 'PLAYER')
insert into user (username, password, enabled, create_date, role) values ('user4', '$2a$06$4MKRUgff3iP5mUS.KSk4Fu5nJiaVhAPhCWMziYyHUrQkHpivlr.Xe', TRUE, '2016-01-01 00:00:00', 'PLAYER')
insert into user (username, password, enabled, create_date, role) values ('user5', '$2a$06$4MKRUgff3iP5mUS.KSk4Fu5nJiaVhAPhCWMziYyHUrQkHpivlr.Xe', TRUE, '2016-01-01 00:00:00', 'PLAYER')
insert into user (username, password, enabled, create_date, role) values ('user6', '$2a$06$4MKRUgff3iP5mUS.KSk4Fu5nJiaVhAPhCWMziYyHUrQkHpivlr.Xe', TRUE, '2016-01-01 00:00:00', 'PLAYER')
insert into user (username, password, enabled, create_date, role) values ('user7', '$2a$06$4MKRUgff3iP5mUS.KSk4Fu5nJiaVhAPhCWMziYyHUrQkHpivlr.Xe', TRUE, '2016-01-01 00:00:00', 'PLAYER')
insert into user (username, password, enabled, create_date, role) values ('veryLongUserName', '$2a$06$4MKRUgff3iP5mUS.KSk4Fu5nJiaVhAPhCWMziYyHUrQkHpivlr.Xe', TRUE, '2016-01-01 00:00:00', 'PLAYER')
insert into user (username, password, enabled, create_date, role) values ('Sidhu Moose Wala', '$2a$06$4MKRUgff3iP5mUS.KSk4Fu5nJiaVhAPhCWMziYyHUrQkHpivlr.Xe', TRUE, '2016-01-01 00:00:00', 'PLAYER')
insert into user (username, password, enabled, create_date, role) values ('Elon Musk', '$2a$06$4MKRUgff3iP5mUS.KSk4Fu5nJiaVhAPhCWMziYyHUrQkHpivlr.Xe', TRUE, '2016-01-01 00:00:00', 'PLAYER')
insert into user (username, password, enabled, create_date, role) values ('Jeff Bezos', '$2a$06$4MKRUgff3iP5mUS.KSk4Fu5nJiaVhAPhCWMziYyHUrQkHpivlr.Xe', TRUE, '2016-01-01 00:00:00', 'PLAYER')
insert into user (username, password, enabled, create_date, role) values ('Benedict Cucumberbatch', '$2a$06$4MKRUgff3iP5mUS.KSk4Fu5nJiaVhAPhCWMziYyHUrQkHpivlr.Xe', TRUE, '2016-01-01 00:00:00', 'PLAYER')
insert into user (username, password, enabled, create_date, role) values ('Kim Jong Un', '$2a$06$4MKRUgff3iP5mUS.KSk4Fu5nJiaVhAPhCWMziYyHUrQkHpivlr.Xe', TRUE, '2016-01-01 00:00:00', 'PLAYER')
insert into user (username, password, enabled, create_date, role) values ('Sauron', '$2a$06$4MKRUgff3iP5mUS.KSk4Fu5nJiaVhAPhCWMziYyHUrQkHpivlr.Xe', TRUE, '2016-01-01 00:00:00', 'PLAYER')
insert into user (username, password, enabled, create_date, role) values ('Bilbo Baggins', '$2a$06$4MKRUgff3iP5mUS.KSk4Fu5nJiaVhAPhCWMziYyHUrQkHpivlr.Xe', TRUE, '2016-01-01 00:00:00', 'PLAYER')
insert into user (username, password, enabled, create_date, role) values ('Harry Potter', '$2a$06$4MKRUgff3iP5mUS.KSk4Fu5nJiaVhAPhCWMziYyHUrQkHpivlr.Xe', TRUE, '2016-01-01 00:00:00', 'PLAYER')
insert into user (username, password, enabled, create_date, role) values ('Donald J. Trump', '$2a$06$4MKRUgff3iP5mUS.KSk4Fu5nJiaVhAPhCWMziYyHUrQkHpivlr.Xe', TRUE, '2016-01-01 00:00:00', 'PLAYER')
insert into user (username, password, enabled, create_date, role) values ('Barack Obama', '$2a$06$4MKRUgff3iP5mUS.KSk4Fu5nJiaVhAPhCWMziYyHUrQkHpivlr.Xe', TRUE, '2016-01-01 00:00:00', 'PLAYER')
insert into user (username, password, enabled, create_date, role) values ('Voldemort', '$2a$06$4MKRUgff3iP5mUS.KSk4Fu5nJiaVhAPhCWMziYyHUrQkHpivlr.Xe', TRUE, '2016-01-01 00:00:00', 'PLAYER')
insert into user (username, password, enabled, create_date, role) values ('Freddy Mercury', '$2a$06$4MKRUgff3iP5mUS.KSk4Fu5nJiaVhAPhCWMziYyHUrQkHpivlr.Xe', TRUE, '2016-01-01 00:00:00', 'PLAYER')
insert into user (username, password, enabled, create_date, role) values ('Heiner Bernadinho', '$2a$06$4MKRUgff3iP5mUS.KSk4Fu5nJiaVhAPhCWMziYyHUrQkHpivlr.Xe', TRUE, '2016-01-01 00:00:00', 'PLAYER')

insert into manager (id, user_username, email, institution) values (101, 'user1', 'user1@email.asdf', 'institution_01')
insert into manager (id, user_username, email, institution) values (102, 'user2', 'user2@email.asdf', 'institution_02')

insert into player (id, user_username, creator_id, avatar_path, stat_total_score, stat_high_score, stat_correct_answers, stat_total_answers, stat_play_time) values (201, 'user3', 101, NULL, 9096, 720, 18, 24, 743563)
insert into player (id, user_username, creator_id, avatar_path, stat_total_score, stat_high_score, stat_correct_answers, stat_total_answers, stat_play_time) values (202, 'user4', 101, NULL, 9096, 720, 18, 24, 743563)
insert into player (id, user_username, creator_id, avatar_path, stat_total_score, stat_high_score, stat_correct_answers, stat_total_answers, stat_play_time) values (203, 'user5', 101, NULL, 9096, 720, 18, 24, 743563)
insert into player (id, user_username, creator_id, avatar_path, stat_total_score, stat_high_score, stat_correct_answers, stat_total_answers, stat_play_time) values (204, 'user6', 102, NULL, 9096, 720, 18, 24, 743563)
insert into player (id, user_username, creator_id, avatar_path, stat_total_score, stat_high_score, stat_correct_answers, stat_total_answers, stat_play_time) values (205, 'user7', 102, NULL, 9096, 720, 18, 24, 743563)
insert into player (id, user_username, creator_id, avatar_path, stat_total_score, stat_high_score, stat_correct_answers, stat_total_answers, stat_play_time) values (206, 'veryLongUserName', 102, NULL, 9096, 720, 18, 24, 743563)
insert into player (id, user_username, creator_id, avatar_path, stat_total_score, stat_high_score, stat_correct_answers, stat_total_answers, stat_play_time) values (207, 'Sidhu Moose Wala', 101, NULL, 9096, 720, 18, 24, 743563)
insert into player (id, user_username, creator_id, avatar_path, stat_total_score, stat_high_score, stat_correct_answers, stat_total_answers, stat_play_time) values (208, 'Elon Musk', 101, NULL, 9096, 720, 18, 24, 743563)
insert into player (id, user_username, creator_id, avatar_path, stat_total_score, stat_high_score, stat_correct_answers, stat_total_answers, stat_play_time) values (209, 'Jeff Bezos', 101, NULL, 9096, 720, 18, 24, 743563)
insert into player (id, user_username, creator_id, avatar_path, stat_total_score, stat_high_score, stat_correct_answers, stat_total_answers, stat_play_time) values (210, 'Benedict Cucumberbatch', 102, NULL, 9096, 720, 18, 24, 743563)
insert into player (id, user_username, creator_id, avatar_path, stat_total_score, stat_high_score, stat_correct_answers, stat_total_answers, stat_play_time) values (211, 'Kim Jong Un', 102, NULL, 9096, 720, 18, 24, 743563)
insert into player (id, user_username, creator_id, avatar_path, stat_total_score, stat_high_score, stat_correct_answers, stat_total_answers, stat_play_time) values (212, 'Sauron', 102, NULL, 9096, 720, 18, 24, 743563)
insert into player (id, user_username, creator_id, avatar_path, stat_total_score, stat_high_score, stat_correct_answers, stat_total_answers, stat_play_time) values (213, 'Bilbo Baggins', 101, NULL, 9096, 720, 18, 24, 743563)
insert into player (id, user_username, creator_id, avatar_path, stat_total_score, stat_high_score, stat_correct_answers, stat_total_answers, stat_play_time) values (214, 'Harry Potter', 101, NULL, 9096, 720, 18, 24, 743563)
insert into player (id, user_username, creator_id, avatar_path, stat_total_score, stat_high_score, stat_correct_answers, stat_total_answers, stat_play_time) values (215, 'Donald J. Trump', 101, NULL, 9096, 720, 18, 24, 743563)
insert into player (id, user_username, creator_id, avatar_path, stat_total_score, stat_high_score, stat_correct_answers, stat_total_answers, stat_play_time) values (216, 'Barack Obama', 102, NULL, 9096, 720, 18, 24, 743563)
insert into player (id, user_username, creator_id, avatar_path, stat_total_score, stat_high_score, stat_correct_answers, stat_total_answers, stat_play_time) values (217, 'Voldemort', 102, NULL, 9096, 720, 18, 24, 743563)
insert into player (id, user_username, creator_id, avatar_path, stat_total_score, stat_high_score, stat_correct_answers, stat_total_answers, stat_play_time) values (218, 'Freddy Mercury', 102, NULL, 9096, 720, 18, 24, 743563)
insert into player (id, user_username, creator_id, avatar_path, stat_total_score, stat_high_score, stat_correct_answers, stat_total_answers, stat_play_time) values (219, 'Heiner Bernadinho', 102, NULL, 9096, 720, 18, 24, 743563)

insert into player_played_with_last (player_id, played_with_last) values (201, 'user4')
insert into player_played_with_last (player_id, played_with_last) values (201, 'user5')
insert into player_played_with_last (player_id, played_with_last) values (201, 'user6')
insert into player_played_with_last (player_id, played_with_last) values (202, 'user3')
insert into player_played_with_last (player_id, played_with_last) values (202, 'user7')

insert into question_set (id, description, difficulty, name, author_id) values (300, 'description', 'easy', 'TestSet1', 101)
insert into question_set (id, description, difficulty, name, author_id) values (301, 'description', 'easy', 'TestSet2', 102)
insert into question_set (id, description, difficulty, name, author_id) values (302, 'description', 'easy', 'TestSet2', 102)

insert into question (id, type, question_set_id, question_string, right_answer_string, wrong_answer_string_1, wrong_answer_string_2, wrong_answer_string_3, wrong_answer_string_4, wrong_answer_string_5) values (401, 'text', 300, 'TestQuestion1', 'RightAnswer1', 'WrongAnswer1_1', 'WrongAnswer1_2', 'WrongAnswer1_3', 'WrongAnswer1_4', 'WrongAnswer1_5')
insert into question (id, type, question_set_id, question_string, right_answer_string, wrong_answer_string_1, wrong_answer_string_2, wrong_answer_string_3, wrong_answer_string_4, wrong_answer_string_5) values (402, 'text', 300, 'TestQuestion2', 'RightAnswer2', 'WrongAnswer2_1', 'WrongAnswer2_2', 'WrongAnswer2_3', 'WrongAnswer2_4', 'WrongAnswer2_5')
insert into question (id, type, question_set_id, question_string, right_answer_string, wrong_answer_string_1, wrong_answer_string_2, wrong_answer_string_3, wrong_answer_string_4, wrong_answer_string_5) values (403, 'text', 300, 'TestQuestion3', 'RightAnswer3', 'WrongAnswer3_1', 'WrongAnswer3_2', 'WrongAnswer3_3', 'WrongAnswer3_4', 'WrongAnswer3_5')
insert into question (id, type, question_set_id, question_string, right_answer_string, wrong_answer_string_1, wrong_answer_string_2, wrong_answer_string_3, wrong_answer_string_4, wrong_answer_string_5) values (404, 'text', 300, 'TestQuestion4', 'RightAnswer4', 'WrongAnswer4_1', 'WrongAnswer4_2', 'WrongAnswer4_3', 'WrongAnswer4_4', 'WrongAnswer4_5')
insert into question (id, type, question_set_id, question_string, right_answer_string, wrong_answer_string_1, wrong_answer_string_2, wrong_answer_string_3, wrong_answer_string_4, wrong_answer_string_5) values (405, 'text', 300, 'TestQuestion5', 'RightAnswer5', 'WrongAnswer5_1', 'WrongAnswer5_2', 'WrongAnswer5_3', 'WrongAnswer5_4', 'WrongAnswer5_5')
insert into question (id, type, question_set_id, question_string, right_answer_string, wrong_answer_string_1, wrong_answer_string_2, wrong_answer_string_3, wrong_answer_string_4, wrong_answer_string_5) values (406, 'text', 300, 'TestQuestion6', 'RightAnswer6', 'WrongAnswer6_1', 'WrongAnswer6_2', 'WrongAnswer6_3', 'WrongAnswer6_4', 'WrongAnswer6_5')
insert into question (id, type, question_set_id, question_string, right_answer_string, wrong_answer_string_1, wrong_answer_string_2, wrong_answer_string_3, wrong_answer_string_4, wrong_answer_string_5) values (407, 'text', 300, 'TestQuestion7', 'RightAnswer7', 'WrongAnswer7_1', 'WrongAnswer7_2', 'WrongAnswer7_3', 'WrongAnswer7_4', 'WrongAnswer7_5')
insert into question (id, type, question_set_id, question_string, right_answer_string, wrong_answer_string_1, wrong_answer_string_2, wrong_answer_string_3, wrong_answer_string_4, wrong_answer_string_5) values (408, 'text', 300, 'TestQuestion8', 'RightAnswer8', 'WrongAnswer8_1', 'WrongAnswer8_2', 'WrongAnswer8_3', 'WrongAnswer8_4', 'WrongAnswer8_5')
insert into question (id, type, question_set_id, question_string, right_answer_string, wrong_answer_string_1, wrong_answer_string_2, wrong_answer_string_3, wrong_answer_string_4, wrong_answer_string_5) values (409, 'text', 300, 'TestQuestion9', 'RightAnswer9', 'WrongAnswer9_1', 'WrongAnswer9_2', 'WrongAnswer9_3', 'WrongAnswer9_4', 'WrongAnswer9_5')
insert into question (id, type, question_set_id, question_string, right_answer_string, wrong_answer_string_1, wrong_answer_string_2, wrong_answer_string_3, wrong_answer_string_4, wrong_answer_string_5) values (410, 'text', 300, 'TestQuestion10', 'RightAnswer10', 'WrongAnswer10_1', 'WrongAnswer10_2', 'WrongAnswer10_3', 'WrongAnswer10_4', 'WrongAnswer10_5')
insert into question (id, type, question_set_id, question_string, right_answer_string, wrong_answer_string_1, wrong_answer_string_2, wrong_answer_string_3, wrong_answer_string_4, wrong_answer_string_5) values (411, 'text', 300, 'TestQuestion11', 'RightAnswer11', 'WrongAnswer11_1', 'WrongAnswer11_2', 'WrongAnswer11_3', 'WrongAnswer11_4', 'WrongAnswer11_5')
insert into question (id, type, question_set_id, question_string, right_answer_string, wrong_answer_string_1, wrong_answer_string_2, wrong_answer_string_3, wrong_answer_string_4, wrong_answer_string_5) values (412, 'text', 300, 'TestQuestion12', 'RightAnswer12', 'WrongAnswer12_1', 'WrongAnswer12_2', 'WrongAnswer12_3', 'WrongAnswer12_4', 'WrongAnswer12_5')
insert into question (id, type, question_set_id, question_string, right_answer_string, wrong_answer_string_1, wrong_answer_string_2, wrong_answer_string_3, wrong_answer_string_4, wrong_answer_string_5) values (413, 'text', 300, 'TestQuestion13', 'RightAnswer13', 'WrongAnswer13_1', 'WrongAnswer13_2', 'WrongAnswer13_3', 'WrongAnswer13_4', 'WrongAnswer13_5')
insert into question (id, type, question_set_id, question_string, right_answer_string, wrong_answer_string_1, wrong_answer_string_2, wrong_answer_string_3, wrong_answer_string_4, wrong_answer_string_5) values (414, 'text', 300, 'TestQuestion14', 'RightAnswer14', 'WrongAnswer14_1', 'WrongAnswer14_2', 'WrongAnswer14_3', 'WrongAnswer14_4', 'WrongAnswer14_5')
insert into question (id, type, question_set_id, question_string, right_answer_string, wrong_answer_string_1, wrong_answer_string_2, wrong_answer_string_3, wrong_answer_string_4, wrong_answer_string_5) values (415, 'text', 300, 'TestQuestion15', 'RightAnswer15', 'WrongAnswer15_1', 'WrongAnswer15_2', 'WrongAnswer15_3', 'WrongAnswer15_4', 'WrongAnswer15_5')

insert into question (id, type, question_set_id, question_string, right_answer_string, wrong_answer_string_1, wrong_answer_string_2, wrong_answer_string_3, wrong_answer_string_4, wrong_answer_string_5) values (416, 'text', 301, 'TestQuestion16', 'RightAnswer16', 'WrongAnswer16_1', 'WrongAnswer16_2', 'WrongAnswer16_3', 'WrongAnswer16_4', 'WrongAnswer16_5')
insert into question (id, type, question_set_id, question_string, right_answer_string, wrong_answer_string_1, wrong_answer_string_2, wrong_answer_string_3, wrong_answer_string_4, wrong_answer_string_5) values (417, 'text', 301, 'TestQuestion17', 'RightAnswer17', 'WrongAnswer17_1', 'WrongAnswer17_2', 'WrongAnswer17_3', 'WrongAnswer17_4', 'WrongAnswer17_5')
insert into question (id, type, question_set_id, question_string, right_answer_string, wrong_answer_string_1, wrong_answer_string_2, wrong_answer_string_3, wrong_answer_string_4, wrong_answer_string_5) values (418, 'text', 301, 'TestQuestion18', 'RightAnswer18', 'WrongAnswer18_1', 'WrongAnswer18_2', 'WrongAnswer18_3', 'WrongAnswer18_4', 'WrongAnswer18_5')

insert into question (id, type, question_set_id, question_string, right_answer_string, wrong_answer_string_1, wrong_answer_string_2, wrong_answer_string_3, wrong_answer_string_4, wrong_answer_string_5) values (419, 'text', 302, 'TestQuestion19', 'RightAnswer19', 'WrongAnswer19_1', 'WrongAnswer19_2', 'WrongAnswer19_3', 'WrongAnswer19_4', 'WrongAnswer19_5')
insert into question (id, type, question_set_id, question_string, right_answer_string, wrong_answer_string_1, wrong_answer_string_2, wrong_answer_string_3, wrong_answer_string_4, wrong_answer_string_5) values (420, 'text', 302, 'TestQuestion20', 'RightAnswer20', 'WrongAnswer20_1', 'WrongAnswer20_2', 'WrongAnswer20_3', 'WrongAnswer20_4', 'WrongAnswer20_5')
insert into question (id, type, question_set_id, question_string, right_answer_string, wrong_answer_string_1, wrong_answer_string_2, wrong_answer_string_3, wrong_answer_string_4, wrong_answer_string_5) values (421, 'text', 302, 'TestQuestion21', 'RightAnswer21', 'WrongAnswer21_1', 'WrongAnswer21_2', 'WrongAnswer21_3', 'WrongAnswer21_4', 'WrongAnswer21_5')
