-- USERS
insert into user (username, password, enabled, create_date, role) values ('user1', '$2a$06$4MKRUgff3iP5mUS.KSk4Fu5nJiaVhAPhCWMziYyHUrQkHpivlr.Xe', TRUE, '2016-01-01 00:00:00', 'MANAGER')
insert into user (username, password, enabled, create_date, role) values ('user2', '$2a$06$4MKRUgff3iP5mUS.KSk4Fu5nJiaVhAPhCWMziYyHUrQkHpivlr.Xe', TRUE, '2016-01-01 00:00:00', 'MANAGER')
insert into user (username, password, enabled, create_date, role) values ('user3', '$2a$06$4MKRUgff3iP5mUS.KSk4Fu5nJiaVhAPhCWMziYyHUrQkHpivlr.Xe', TRUE, '2016-01-01 00:00:00', 'PLAYER')
insert into user (username, password, enabled, create_date, role) values ('user4', '$2a$06$4MKRUgff3iP5mUS.KSk4Fu5nJiaVhAPhCWMziYyHUrQkHpivlr.Xe', TRUE, '2016-01-01 00:00:00', 'PLAYER')
insert into user (username, password, enabled, create_date, role) values ('user5', '$2a$06$4MKRUgff3iP5mUS.KSk4Fu5nJiaVhAPhCWMziYyHUrQkHpivlr.Xe', TRUE, '2016-01-01 00:00:00', 'PLAYER')
insert into user (username, password, enabled, create_date, role) values ('user6', '$2a$06$4MKRUgff3iP5mUS.KSk4Fu5nJiaVhAPhCWMziYyHUrQkHpivlr.Xe', TRUE, '2016-01-01 00:00:00', 'PLAYER')
insert into user (username, password, enabled, create_date, role) values ('user7', '$2a$06$4MKRUgff3iP5mUS.KSk4Fu5nJiaVhAPhCWMziYyHUrQkHpivlr.Xe', TRUE, '2016-01-01 00:00:00', 'PLAYER')
insert into user (username, password, enabled, create_date, role) values ('veryLongUserName', '$2a$06$4MKRUgff3iP5mUS.KSk4Fu5nJiaVhAPhCWMziYyHUrQkHpivlr.Xe', TRUE, '2016-01-01 00:00:00', 'PLAYER')
insert into user (username, password, enabled, create_date, role) values ('Sidhu Moose Wala', '$2a$06$4MKRUgff3iP5mUS.KSk4Fu5nJiaVhAPhCWMziYyHUrQkHpivlr.Xe', TRUE, '2016-01-01 00:00:00', 'PLAYER')
insert into user (username, password, enabled, create_date, role) values ('Elon Musk', '$2a$06$4MKRUgff3iP5mUS.KSk4Fu5nJiaVhAPhCWMziYyHUrQkHpivlr.Xe', TRUE, '2016-01-01 00:00:00', 'PLAYER')
insert into user (username, password, enabled, create_date, role) values ('Jeff Bezos', '$2a$06$4MKRUgff3iP5mUS.KSk4Fu5nJiaVhAPhCWMziYyHUrQkHpivlr.Xe', TRUE, '2016-01-01 00:00:00', 'PLAYER')
insert into user (username, password, enabled, create_date, role) values ('Benedict Cucumberbatch', '$2a$06$4MKRUgff3iP5mUS.KSk4Fu5nJiaVhAPhCWMziYyHUrQkHpivlr.Xe', TRUE, '2016-01-01 00:00:00', 'PLAYER')
insert into user (username, password, enabled, create_date, role) values ('Kim Jong Un', '$2a$06$4MKRUgff3iP5mUS.KSk4Fu5nJiaVhAPhCWMziYyHUrQkHpivlr.Xe', TRUE, '2016-01-01 00:00:00', 'PLAYER')
insert into user (username, password, enabled, create_date, role) values ('Sauron', '$2a$06$4MKRUgff3iP5mUS.KSk4Fu5nJiaVhAPhCWMziYyHUrQkHpivlr.Xe', TRUE, '2016-01-01 00:00:00', 'PLAYER')
insert into user (username, password, enabled, create_date, role) values ('Bilbo Baggins', '$2a$06$4MKRUgff3iP5mUS.KSk4Fu5nJiaVhAPhCWMziYyHUrQkHpivlr.Xe', TRUE, '2016-01-01 00:00:00', 'PLAYER')
insert into user (username, password, enabled, create_date, role) values ('Harry Potter', '$2a$06$4MKRUgff3iP5mUS.KSk4Fu5nJiaVhAPhCWMziYyHUrQkHpivlr.Xe', TRUE, '2016-01-01 00:00:00', 'PLAYER')
insert into user (username, password, enabled, create_date, role) values ('Donald J. Trump', '$2a$06$4MKRUgff3iP5mUS.KSk4Fu5nJiaVhAPhCWMziYyHUrQkHpivlr.Xe', TRUE, '2016-01-01 00:00:00', 'PLAYER')
insert into user (username, password, enabled, create_date, role) values ('Barack Obama', '$2a$06$4MKRUgff3iP5mUS.KSk4Fu5nJiaVhAPhCWMziYyHUrQkHpivlr.Xe', TRUE, '2016-01-01 00:00:00', 'PLAYER')
insert into user (username, password, enabled, create_date, role) values ('Voldemort', '$2a$06$4MKRUgff3iP5mUS.KSk4Fu5nJiaVhAPhCWMziYyHUrQkHpivlr.Xe', TRUE, '2016-01-01 00:00:00', 'PLAYER')
insert into user (username, password, enabled, create_date, role) values ('Freddy Mercury', '$2a$06$4MKRUgff3iP5mUS.KSk4Fu5nJiaVhAPhCWMziYyHUrQkHpivlr.Xe', TRUE, '2016-01-01 00:00:00', 'PLAYER')
insert into user (username, password, enabled, create_date, role) values ('Heiner Bernadinho', '$2a$06$4MKRUgff3iP5mUS.KSk4Fu5nJiaVhAPhCWMziYyHUrQkHpivlr.Xe', TRUE, '2016-01-01 00:00:00', 'PLAYER')

-- MANAGERS
insert into manager (id, user_username, email, institution) values (101, 'user1', 'user1@email.asdf', 'institution_01')
insert into manager (id, user_username, email, institution) values (102, 'user2', 'user2@email.asdf', 'institution_02')

-- PLAYERS
insert into player (id, user_username, creator_id, avatar_path, stat_total_score, stat_high_score, stat_correct_answers, stat_total_answers, stat_play_time) values (201, 'user3', 101, NULL, 9096, 720, 18, 24, 743563)
insert into player (id, user_username, creator_id, avatar_path, stat_total_score, stat_high_score, stat_correct_answers, stat_total_answers, stat_play_time) values (202, 'user4', 101, NULL, 301, 720, 18, 24, 743563)
insert into player (id, user_username, creator_id, avatar_path, stat_total_score, stat_high_score, stat_correct_answers, stat_total_answers, stat_play_time) values (203, 'user5', 101, NULL, 2342, 720, 18, 24, 743563)
insert into player (id, user_username, creator_id, avatar_path, stat_total_score, stat_high_score, stat_correct_answers, stat_total_answers, stat_play_time) values (204, 'user6', 102, NULL, 94334, 720, 18, 24, 743563)
insert into player (id, user_username, creator_id, avatar_path, stat_total_score, stat_high_score, stat_correct_answers, stat_total_answers, stat_play_time) values (205, 'user7', 102, NULL, 934, 720, 18, 24, 743563)
insert into player (id, user_username, creator_id, avatar_path, stat_total_score, stat_high_score, stat_correct_answers, stat_total_answers, stat_play_time) values (206, 'veryLongUserName', 102, NULL, 9096, 720, 18, 24, 743563)
insert into player (id, user_username, creator_id, avatar_path, stat_total_score, stat_high_score, stat_correct_answers, stat_total_answers, stat_play_time) values (207, 'Sidhu Moose Wala', 101, NULL, 9096, 720, 18, 24, 743563)
insert into player (id, user_username, creator_id, avatar_path, stat_total_score, stat_high_score, stat_correct_answers, stat_total_answers, stat_play_time) values (208, 'Elon Musk', 101, NULL, 996, 720, 18, 24, 743563)
insert into player (id, user_username, creator_id, avatar_path, stat_total_score, stat_high_score, stat_correct_answers, stat_total_answers, stat_play_time) values (209, 'Jeff Bezos', 101, NULL, 96, 720, 18, 24, 743563)
insert into player (id, user_username, creator_id, avatar_path, stat_total_score, stat_high_score, stat_correct_answers, stat_total_answers, stat_play_time) values (210, 'Benedict Cucumberbatch', 102, NULL, 9096, 720, 18, 24, 743563)
insert into player (id, user_username, creator_id, avatar_path, stat_total_score, stat_high_score, stat_correct_answers, stat_total_answers, stat_play_time) values (211, 'Kim Jong Un', 102, NULL, 906, 720, 18, 24, 743563)
insert into player (id, user_username, creator_id, avatar_path, stat_total_score, stat_high_score, stat_correct_answers, stat_total_answers, stat_play_time) values (212, 'Sauron', 102, NULL, 9346, 720, 18, 24, 743563)
insert into player (id, user_username, creator_id, avatar_path, stat_total_score, stat_high_score, stat_correct_answers, stat_total_answers, stat_play_time) values (213, 'Bilbo Baggins', 101, NULL, 906, 720, 18, 24, 743563)
insert into player (id, user_username, creator_id, avatar_path, stat_total_score, stat_high_score, stat_correct_answers, stat_total_answers, stat_play_time) values (214, 'Harry Potter', 101, NULL, 96, 720, 18, 24, 743563)
insert into player (id, user_username, creator_id, avatar_path, stat_total_score, stat_high_score, stat_correct_answers, stat_total_answers, stat_play_time) values (215, 'Donald J. Trump', 101, NULL, 906, 720, 18, 24, 743563)
insert into player (id, user_username, creator_id, avatar_path, stat_total_score, stat_high_score, stat_correct_answers, stat_total_answers, stat_play_time) values (216, 'Barack Obama', 102, NULL, 96, 720, 18, 24, 743563)
insert into player (id, user_username, creator_id, avatar_path, stat_total_score, stat_high_score, stat_correct_answers, stat_total_answers, stat_play_time) values (217, 'Voldemort', 102, NULL, 906, 720, 18, 24, 743563)
insert into player (id, user_username, creator_id, avatar_path, stat_total_score, stat_high_score, stat_correct_answers, stat_total_answers, stat_play_time) values (218, 'Freddy Mercury', 102, NULL, 96, 720, 18, 24, 743563)
insert into player (id, user_username, creator_id, avatar_path, stat_total_score, stat_high_score, stat_correct_answers, stat_total_answers, stat_play_time) values (219, 'Heiner Bernadinho', 102, NULL, 90, 720, 18, 24, 743563)

-- PLAYER STATS
insert into player_last_scores (player_id, last_scores, last_scores_key) values (201, 2345, 0)
insert into player_last_scores (player_id, last_scores, last_scores_key) values (201, 3453, 1)
insert into player_last_scores (player_id, last_scores, last_scores_key) values (201, 1435, 2)
insert into player_last_scores (player_id, last_scores, last_scores_key) values (202, 2345, 3)
insert into player_last_scores (player_id, last_scores, last_scores_key) values (202, 3453, 4)
insert into player_last_scores (player_id, last_scores, last_scores_key) values (202, 1435, 5)
insert into player_last_scores (player_id, last_scores, last_scores_key) values (203, 2345, 6)
insert into player_last_scores (player_id, last_scores, last_scores_key) values (203, 3453, 7)
insert into player_last_scores (player_id, last_scores, last_scores_key) values (203, 1435, 8)
insert into player_last_scores (player_id, last_scores, last_scores_key) values (204, 2345, 9)
insert into player_last_scores (player_id, last_scores, last_scores_key) values (205, 3453, 10)
insert into player_last_scores (player_id, last_scores, last_scores_key) values (206, 1435, 11)
insert into player_last_scores (player_id, last_scores, last_scores_key) values (207, 2345, 12)
insert into player_last_scores (player_id, last_scores, last_scores_key) values (208, 3453, 13)
insert into player_last_scores (player_id, last_scores, last_scores_key) values (209, 1435, 14)
insert into player_last_scores (player_id, last_scores, last_scores_key) values (210, 2345, 15)
insert into player_last_scores (player_id, last_scores, last_scores_key) values (211, 3453, 16)
insert into player_last_scores (player_id, last_scores, last_scores_key) values (212, 1435, 17)
insert into player_last_scores (player_id, last_scores, last_scores_key) values (213, 2345, 18)
insert into player_last_scores (player_id, last_scores, last_scores_key) values (213, 3453, 19)
insert into player_last_scores (player_id, last_scores, last_scores_key) values (213, 1435, 20)
insert into player_last_scores (player_id, last_scores, last_scores_key) values (214, 2345, 21)
insert into player_last_scores (player_id, last_scores, last_scores_key) values (215, 3453, 22)
insert into player_last_scores (player_id, last_scores, last_scores_key) values (216, 1435, 23)
insert into player_last_scores (player_id, last_scores, last_scores_key) values (216, 1435, 24)
insert into player_last_scores (player_id, last_scores, last_scores_key) values (217, 2345, 25)
insert into player_last_scores (player_id, last_scores, last_scores_key) values (218, 3453, 26)
insert into player_last_scores (player_id, last_scores, last_scores_key) values (219, 1435, 27)

insert into player_q_set_play_counts (player_id, q_set_play_counts, q_set_play_counts_key) values (201, 1, 303)
insert into player_q_set_play_counts (player_id, q_set_play_counts, q_set_play_counts_key) values (202, 2, 301)
insert into player_q_set_play_counts (player_id, q_set_play_counts, q_set_play_counts_key) values (202, 1, 303)
insert into player_q_set_play_counts (player_id, q_set_play_counts, q_set_play_counts_key) values (203, 2, 301)
insert into player_q_set_play_counts (player_id, q_set_play_counts, q_set_play_counts_key) values (203, 1, 303)
insert into player_q_set_play_counts (player_id, q_set_play_counts, q_set_play_counts_key) values (204, 2, 301)
insert into player_q_set_play_counts (player_id, q_set_play_counts, q_set_play_counts_key) values (204, 1, 303)
insert into player_q_set_play_counts (player_id, q_set_play_counts, q_set_play_counts_key) values (205, 2, 301)
insert into player_q_set_play_counts (player_id, q_set_play_counts, q_set_play_counts_key) values (205, 1, 303)
insert into player_q_set_play_counts (player_id, q_set_play_counts, q_set_play_counts_key) values (206, 2, 301)
insert into player_q_set_play_counts (player_id, q_set_play_counts, q_set_play_counts_key) values (207, 1, 303)
insert into player_q_set_play_counts (player_id, q_set_play_counts, q_set_play_counts_key) values (208, 2, 301)
insert into player_q_set_play_counts (player_id, q_set_play_counts, q_set_play_counts_key) values (209, 1, 303)
insert into player_q_set_play_counts (player_id, q_set_play_counts, q_set_play_counts_key) values (210, 2, 301)
insert into player_q_set_play_counts (player_id, q_set_play_counts, q_set_play_counts_key) values (211, 1, 303)
insert into player_q_set_play_counts (player_id, q_set_play_counts, q_set_play_counts_key) values (212, 2, 301)
insert into player_q_set_play_counts (player_id, q_set_play_counts, q_set_play_counts_key) values (213, 1, 303)
insert into player_q_set_play_counts (player_id, q_set_play_counts, q_set_play_counts_key) values (214, 2, 301)
insert into player_q_set_play_counts (player_id, q_set_play_counts, q_set_play_counts_key) values (215, 1, 303)
insert into player_q_set_play_counts (player_id, q_set_play_counts, q_set_play_counts_key) values (216, 2, 301)
insert into player_q_set_play_counts (player_id, q_set_play_counts, q_set_play_counts_key) values (217, 1, 303)
insert into player_q_set_play_counts (player_id, q_set_play_counts, q_set_play_counts_key) values (218, 2, 301)
insert into player_q_set_play_counts (player_id, q_set_play_counts, q_set_play_counts_key) values (219, 1, 303)

insert into player_played_with_last (player_id, played_with_last) values (201, 'user4')
insert into player_played_with_last (player_id, played_with_last) values (201, 'user5')
insert into player_played_with_last (player_id, played_with_last) values (201, 'user6')
insert into player_played_with_last (player_id, played_with_last) values (202, 'user3')
insert into player_played_with_last (player_id, played_with_last) values (202, 'user7')

-- QUESTION SETS
insert into question_set (id, description, difficulty, name, author_id) values (300, 'description', 'easy', 'TestSet1', 101)
insert into question_set (id, description, difficulty, name, author_id) values (301, 'description', 'easy', 'TestSet2', 102)
insert into question_set (id, description, difficulty, name, author_id) values (302, 'description', 'easy', 'TestSet2', 102)

-- TEST QUESTIONS
insert into question (id, question_string, right_answer_string, type, wrong_answer_string_1, wrong_answer_string_2, wrong_answer_string_3, wrong_answer_string_4, wrong_answer_string_5, question_set_id) values (400, 'TestQuestion1', 'RightAnswer1', 'text', 'WrongAnswerString1_1', 'WrongAnswerString2_1', 'WrongAnswerString3_1', 'WrongAnswerString4_1', 'WrongAnswerString5_1', 300)
insert into question (id, question_string, right_answer_string, type, wrong_answer_string_1, wrong_answer_string_2, wrong_answer_string_3, wrong_answer_string_4, wrong_answer_string_5, question_set_id) values (401, 'TestQuestion2', 'RightAnswer2', 'text', 'WrongAnswerString1_2', 'WrongAnswerString2_2', 'WrongAnswerString3_2', 'WrongAnswerString4_2', 'WrongAnswerString5_2', 300)
insert into question (id, question_string, right_answer_string, type, wrong_answer_string_1, wrong_answer_string_2, wrong_answer_string_3, question_set_id) values (402, 'TestQuestion3', 'RightAnswer3', 'text', 'WrongAnswerString1_3', 'WrongAnswerString2_3', 'WrongAnswerString3_3', 300)
insert into question (id, question_string, right_answer_string, type, wrong_answer_string_1, wrong_answer_string_2, wrong_answer_string_3, wrong_answer_string_4, wrong_answer_string_5, question_set_id) values (409, 'TestQuestion10', 'RightAnswer10', 'text', 'WrongAnswerString1_10', 'WrongAnswerString2_10', 'WrongAnswerString3_10', 'WrongAnswerString4_10', 'WrongAnswerString5_10', 300)
insert into question (id, question_string, right_answer_string, type, wrong_answer_string_1, wrong_answer_string_2, wrong_answer_string_3, wrong_answer_string_4, wrong_answer_string_5, question_set_id) values (410, 'TestQuestion11', 'RightAnswer11', 'text', 'WrongAnswerString1_11', 'WrongAnswerString2_11', 'WrongAnswerString3_11', 'WrongAnswerString4_11', 'WrongAnswerString5_11', 300)
insert into question (id, question_string, right_answer_string, type, wrong_answer_string_1, wrong_answer_string_2, wrong_answer_string_3, question_set_id) values (411, 'TestQuestion12', 'RightAnswer12', 'text', 'WrongAnswerString1_12', 'WrongAnswerString2_12', 'WrongAnswerString3_12', 300)
insert into question (id, question_string, right_answer_string, type, wrong_answer_string_1, wrong_answer_string_2, wrong_answer_string_3, wrong_answer_string_4, wrong_answer_string_5, question_set_id) values (412, 'TestQuestion1', 'RightAnswer1', 'text', 'WrongAnswerString1_1', 'WrongAnswerString2_1', 'WrongAnswerString3_1', 'WrongAnswerString4_1', 'WrongAnswerString5_1', 300)
insert into question (id, question_string, right_answer_string, type, wrong_answer_string_1, wrong_answer_string_2, wrong_answer_string_3, wrong_answer_string_4, wrong_answer_string_5, question_set_id) values (413, 'TestQuestion2', 'RightAnswer2', 'text', 'WrongAnswerString1_2', 'WrongAnswerString2_2', 'WrongAnswerString3_2', 'WrongAnswerString4_2', 'WrongAnswerString5_2', 300)
insert into question (id, question_string, right_answer_string, type, wrong_answer_string_1, wrong_answer_string_2, wrong_answer_string_3, question_set_id) values (414, 'TestQuestion3', 'RightAnswer3', 'text', 'WrongAnswerString1_3', 'WrongAnswerString2_3', 'WrongAnswerString3_3', 300)
insert into question (id, question_string, right_answer_string, type, wrong_answer_string_1, wrong_answer_string_2, wrong_answer_string_3, wrong_answer_string_4, wrong_answer_string_5, question_set_id) values (415, 'TestQuestion10', 'RightAnswer10', 'text', 'WrongAnswerString1_10', 'WrongAnswerString2_10', 'WrongAnswerString3_10', 'WrongAnswerString4_10', 'WrongAnswerString5_10', 300)
insert into question (id, question_string, right_answer_string, type, wrong_answer_string_1, wrong_answer_string_2, wrong_answer_string_3, wrong_answer_string_4, wrong_answer_string_5, question_set_id) values (416, 'TestQuestion11', 'RightAnswer11', 'text', 'WrongAnswerString1_11', 'WrongAnswerString2_11', 'WrongAnswerString3_11', 'WrongAnswerString4_11', 'WrongAnswerString5_11', 300)
insert into question (id, question_string, right_answer_string, type, wrong_answer_string_1, wrong_answer_string_2, wrong_answer_string_3, question_set_id) values (417, 'TestQuestion12', 'RightAnswer12', 'text', 'WrongAnswerString1_12', 'WrongAnswerString2_12', 'WrongAnswerString3_12', 300)
insert into question (id, question_string, right_answer_string, type, wrong_answer_string_1, wrong_answer_string_2, wrong_answer_string_3, wrong_answer_string_4, wrong_answer_string_5, question_set_id) values (418, 'TestQuestion1', 'RightAnswer1', 'text', 'WrongAnswerString1_1', 'WrongAnswerString2_1', 'WrongAnswerString3_1', 'WrongAnswerString4_1', 'WrongAnswerString5_1', 300)
insert into question (id, question_string, right_answer_string, type, wrong_answer_string_1, wrong_answer_string_2, wrong_answer_string_3, wrong_answer_string_4, wrong_answer_string_5, question_set_id) values (419, 'TestQuestion2', 'RightAnswer2', 'text', 'WrongAnswerString1_2', 'WrongAnswerString2_2', 'WrongAnswerString3_2', 'WrongAnswerString4_2', 'WrongAnswerString5_2', 300)
insert into question (id, question_string, right_answer_string, type, wrong_answer_string_1, wrong_answer_string_2, wrong_answer_string_3, question_set_id) values (420, 'TestQuestion3', 'RightAnswer3', 'text', 'WrongAnswerString1_3', 'WrongAnswerString2_3', 'WrongAnswerString3_3', 300)
insert into question (id, question_string, right_answer_string, type, wrong_answer_string_1, wrong_answer_string_2, wrong_answer_string_3, wrong_answer_string_4, wrong_answer_string_5, question_set_id) values (421, 'TestQuestion10', 'RightAnswer10', 'text', 'WrongAnswerString1_10', 'WrongAnswerString2_10', 'WrongAnswerString3_10', 'WrongAnswerString4_10', 'WrongAnswerString5_10', 300)
insert into question (id, question_string, right_answer_string, type, wrong_answer_string_1, wrong_answer_string_2, wrong_answer_string_3, wrong_answer_string_4, wrong_answer_string_5, question_set_id) values (422, 'TestQuestion11', 'RightAnswer11', 'text', 'WrongAnswerString1_11', 'WrongAnswerString2_11', 'WrongAnswerString3_11', 'WrongAnswerString4_11', 'WrongAnswerString5_11', 300)
insert into question (id, question_string, right_answer_string, type, wrong_answer_string_1, wrong_answer_string_2, wrong_answer_string_3, question_set_id) values (423, 'TestQuestion12', 'RightAnswer12', 'text', 'WrongAnswerString1_12', 'WrongAnswerString2_12', 'WrongAnswerString3_12', 300)
insert into question (id, question_string, right_answer_string, type, wrong_answer_string_1, wrong_answer_string_2, wrong_answer_string_3, wrong_answer_string_4, wrong_answer_string_5, question_set_id) values (424, 'TestQuestion1', 'RightAnswer1', 'text', 'WrongAnswerString1_1', 'WrongAnswerString2_1', 'WrongAnswerString3_1', 'WrongAnswerString4_1', 'WrongAnswerString5_1', 300)
insert into question (id, question_string, right_answer_string, type, wrong_answer_string_1, wrong_answer_string_2, wrong_answer_string_3, wrong_answer_string_4, wrong_answer_string_5, question_set_id) values (425, 'TestQuestion2', 'RightAnswer2', 'text', 'WrongAnswerString1_2', 'WrongAnswerString2_2', 'WrongAnswerString3_2', 'WrongAnswerString4_2', 'WrongAnswerString5_2', 300)
insert into question (id, question_string, right_answer_string, type, wrong_answer_string_1, wrong_answer_string_2, wrong_answer_string_3, question_set_id) values (426, 'TestQuestion3', 'RightAnswer3', 'text', 'WrongAnswerString1_3', 'WrongAnswerString2_3', 'WrongAnswerString3_3', 300)
insert into question (id, question_string, right_answer_string, type, wrong_answer_string_1, wrong_answer_string_2, wrong_answer_string_3, wrong_answer_string_4, wrong_answer_string_5, question_set_id) values (427, 'TestQuestion10', 'RightAnswer10', 'text', 'WrongAnswerString1_10', 'WrongAnswerString2_10', 'WrongAnswerString3_10', 'WrongAnswerString4_10', 'WrongAnswerString5_10', 300)
insert into question (id, question_string, right_answer_string, type, wrong_answer_string_1, wrong_answer_string_2, wrong_answer_string_3, wrong_answer_string_4, wrong_answer_string_5, question_set_id) values (428, 'TestQuestion11', 'RightAnswer11', 'text', 'WrongAnswerString1_11', 'WrongAnswerString2_11', 'WrongAnswerString3_11', 'WrongAnswerString4_11', 'WrongAnswerString5_11', 300)
insert into question (id, question_string, right_answer_string, type, wrong_answer_string_1, wrong_answer_string_2, wrong_answer_string_3, question_set_id) values (429, 'TestQuestion12', 'RightAnswer12', 'text', 'WrongAnswerString1_12', 'WrongAnswerString2_12', 'WrongAnswerString3_12', 300)
insert into question (id, question_string, right_answer_string, type, wrong_answer_string_1, wrong_answer_string_2, wrong_answer_string_3, question_set_id) values (403, 'TestQuestion4', 'RightAnswer4', 'text', 'WrongAnswerString1_4', 'WrongAnswerString2_4', 'WrongAnswerString3_4', 301)
insert into question (id, question_string, right_answer_string, type, wrong_answer_string_1, wrong_answer_string_2, wrong_answer_string_3, question_set_id) values (404, 'TestQuestion5', 'RightAnswer5', 'text', 'WrongAnswerString1_5', 'WrongAnswerString2_5', 'WrongAnswerString3_5', 301)
insert into question (id, question_string, right_answer_string, type, wrong_answer_string_1, wrong_answer_string_2, wrong_answer_string_3, question_set_id) values (405, 'TestQuestion6', 'RightAnswer6', 'text', 'WrongAnswerString1_6', 'WrongAnswerString2_6', 'WrongAnswerString3_6', 301)
insert into question (id, question_string, right_answer_string, type, wrong_answer_string_1, wrong_answer_string_2, wrong_answer_string_3, question_set_id) values (406, 'TestQuestion7', 'RightAnswer7', 'text', 'WrongAnswerString1_7', 'WrongAnswerString2_7', 'WrongAnswerString3_7', 302)
insert into question (id, question_string, right_answer_string, type, wrong_answer_string_1, wrong_answer_string_2, wrong_answer_string_3, question_set_id) values (407, 'TestQuestion8', 'RightAnswer8', 'text', 'WrongAnswerString1_8', 'WrongAnswerString2_8', 'WrongAnswerString3_8', 302)
insert into question (id, question_string, right_answer_string, type, wrong_answer_string_1, wrong_answer_string_2, wrong_answer_string_3, question_set_id) values (408, 'TestQuestion9', 'RightAnswer9', 'text', 'WrongAnswerString1_9', 'WrongAnswerString2_9', 'WrongAnswerString3_9', 302)